Model,Accuracy,Precision,Recall,F1_Score,AUC
Logistic Regression,0.9356007805965988,0.9398762157382847,0.9572264745610085,0.9484720053535579,0.9626162617843914
Random Forest,0.9916364650125453,0.9950293718933574,0.9914452949122017,0.993234100135318,0.9997364765848156
XGBoost,0.9913576805129635,0.9963735267452403,0.989644304367402,0.9929975152473458,0.9994169194228129
